post_title,sku,product_id,ca_product
Pierre Jean Villa Saint-Joseph Préface 2018,15298,3847,145.2
Domaine Saint-Nicolas Fiefs Vendéens Rouge La Grande Pièce 2013,14679,5474,168.0
Chili De Martino Viejas Tinajas Cinsault 2013,12496,5397,0.0
Chili Montsecano (Ostertag) Pinot Noir 2013,12315,5398,39.0
La Préceptorie Maury Sec Rouge Copain Comme Cochon 2018,15649,5439,237.6
La Rectorie Banyuls Léon Parcé 2016,14809,5443,118.0
La Préceptorie Maury Rouge Cuvée Aurélie 2017,15155,5444,15.5
La Préceptorie Maury Blanc 2015,12194,5445,0.0
Parcé Frères Banyuls Rimage 2018,16328,5446,0.0
Parcé Frères Côtes du Roussillon Villages Hommage à Fernand 2017,14469,5448,0.0
Clos du Mont-Olivet Châteauneuf-du-Pape 2007,16034,5465,164.39999999999998
Domaine Pellé Menetou Salon Blanc Les Vignes de Ratier 2018,15526,5477,79.2
Champagne Agrapart &amp; Fils Minéral Extra Brut Blanc de Blancs Grand Cru 2012,13913,5026,0.0
Domaine Bulliat Beaujolais Blanc 2019,16305,5479,30.599999999999998
Domaine Bulliat Chiroubles Cuvée Félix 2019,16306,5480,10.4
Domaine Bulliat Moulin-à-Vent 2017,15138,5481,0.0
David-Beaupère Juliénas La Bottière Vieilles Vignes 2018,15753,5483,0.0
David-Beaupère Juliénas Vayolette 2017,15756,5484,21.6
Decelle-Villa Savigny-Lès-Beaune Blanc 2018,16131,5485,100.19999999999999
Decelle-Villa Meursault 2018,16130,5486,445.5
Decelle-Villa Nuits-Saint-Georges Rouge 2016,16129,5487,130.5
Decelle-Villa Beaune Rouge 2015,14712,5488,0.0
Chili De Martino Gallardia Cinsault 2017,14626,5396,0.0
Chili Errazuriz Cabernet Sauvignon 2016,15095,5395,0.0
Chili Valdivieso Merlot 2017,15462,5394,0.0
Australie Harkham Wines Old Vines 2011,12494,5393,0.0
Champagne Petit Lebrun &amp; Fils Blanc de Blancs Grand Cru,531,5047,292.5
Domaine de Montgilet Anjou Rouge 2016,13531,5056,7.5
Lucien Boillot Gevrey Chambertin Les Evocelles 2017,15711,5061,0.0
Lucien Boillot Gevrey Chambertin 2017,15713,5062,90.0
Lucien Boillot Pommard 1er Cru Les Croix Noires 2017,15715,5063,0.0
Albert Mann Pinot Noir Grand H 2017,15346,5067,958.4
Albert Mann Pinot Noir Grand P 2017,15345,5068,0.0
Albert Mann Pinot Noir Les Saintes Claires 2017,15344,5069,0.0
David-Beaupère Juliénas Les Trois Verres 2018,15755,5375,15.2
Argentine Alamos Catena Malbec 2017,15677,5377,0.0
Argentine Mendoza Alamos Torrontes 2017,14561,5379,0.0
Nouvelle-Zélande Marlborough Momo Sauvignon Blanc 2018,16022,5380,0.0
Nouvelle-Zélande Marlborough Momo Pinot Noir 2016,16011,5382,0.0
Nouvelle-Zélande Marlborough Kim Crawford Sauvignon Blanc 2015,3383,5383,0.0
Liban Vallée de la Békaa Château Marsyas 2012,14149,5384,0.0
Australie Maverick Breechens Blend 2012,13904,5389,0.0
Australie Maverick Trial Hill Riesling 2010,14141,5391,24.2
Marc Colin Et Fils Santenay Rouge 2017,15481,5491,0.0
Château de la Selve Coteaux de l'Ardèche Blanc Saint-Régis Blanc 2019,16146,5504,41.400000000000006
Château de la Selve Coteaux de l'Ardèche Rouge Serre de Berty 2014,14192,5506,0.0
Lucien Boillot Puligny-Montrachet 1er Cru Les Perrières 2016,13982,5580,0.0
Domaine Weinbach Riesling Cuvée Colette 2018,15930,5609,77.2
Domaine Weinbach Pinot Blanc 2017,14912,5610,0.0
Domaine Weinbach Riesling Grand Cru Schlossberg Cuvée Ste Catherine 2018,15945,5611,63.4
Domaine Weinbach Gewurztraminer Grand Cru Furstentum SGN 2010 1/2,14915,5612,0.0
Albert Boxler Chasselas 2016,14855,5613,115.19999999999999
Albert Boxler Crémant d'Alsace Brut 2014,14856,5614,57.599999999999994
"Albert Boxler Pinot Gris Grand Cru Sommerberg ""W"" 2016",15923,5615,0.0
"Albert Boxler Pinot Noir ""S"" 2016",14845,5616,76.8
Albert Boxler Pinot Gris Réserve 2016,14844,5617,83.4
"Albert Boxler Riesling Grand Cru Sommerberg ""D"" 2018",15921,5618,0.0
"Albert Boxler Riesling Grand Cru Sommerberg ""E"" 2018",15922,5619,0.0
Parés Baltà Penedès Hisenda Miret 2013,12366,5628,0.0
Parés Baltà Cava Brut Nature,8365,5629,0.0
Parés Baltà Penedès Electio 2013,12365,5630,28.0
Domaine Hauvette IGP Alpilles Dolia 2012,14647,5690,0.0
Philippe Nusswitz Duché d'Uzès Orénia Blanc Réserve 2018,15812,5693,143.0
Philippe Nusswitz Duché d'Uzès Orénia Rouge Réserve 2016,14661,5694,63.5
Philippe Nusswitz IGP Cévènnes Rosé O Pale 2019,16304,5695,91.0
Planeta Sicilia Etna Bianco 2018,15797,5696,0.0
Domaine Weinbach Gewurztraminer Cuvée Théo 2018,15944,5608,61.0
Domaine Huet Vouvray Le Mont Moelleux Première Trie 2008,8463,5574,0.0
Domaine Chambeyron Côtes du Rhône 2017,15860,5519,283.8
Domaine Huet Vouvray Le Clos du Bourg Demi-Sec 2017,14729,5573,0.0
Domaine Chambeyron Côte Rôtie La Chavarine 2017,15863,5520,77.2
Domaine Chambeyron Côte Rôtie L'Angéline 2017,15861,5522,48.4
Domaine Chambeyron Côte Rôtie Lancement 2017,15862,5523,60.4
Domaine Chambeyron Condrieu Vernon 2018,15864,5524,38.6
Domaine Chambeyron Vin de Pays des Collines Rhodaniennes Viognier 2016,14819,5525,0.0
Marc Colin Et Fils Chassagne-Montrachet Blanc Les Vide-Bourses 1er Cru 2016,14828,5544,0.0
Marc Colin Et Fils Chassagne-Montrachet Blanc Les Caillerets 1er Cru 2016,14827,5545,461.30000000000007
Thierry Germain Saumur-Champigny Cuvée Domaine 2018,15202,5546,91.19999999999999
Thierry Germain Saumur-Champigny Terres Chaudes 2017,13959,5547,24.6
Thierry Germain Saumur-Champigny Outre Terre 2017,13965,5548,0.0
Thierry Germain Saumur-Champigny La Marginale 2017,13958,5550,0.0
Thierry Germain Saumur-Champigny Franc De Pied 2017,13957,5551,0.0
Thierry Germain Saumur Blanc Clos Roman 2016,13520,5552,0.0
Thierry Germain Saumur-Champigny Clos de l'Echelier 2017,13969,5554,0.0
Tempier Bandol Migoua 2017,19820,5561,0.0
Tempier Bandol Tourtine 2017,19821,5563,0.0
Tempier Bandol Rouge 2017,15748,5564,92.4
Tempier Bandol Cabassaou 2017,19822,5565,0.0
Le Pas de l'Escalette Terrasses du Larzac Le Grand Pas 2018,16192,5566,0.0
Champagne Agrapart &amp; Fils Terroirs Brut Blanc de Blancs Grand Cru,11997,5027,0.0
Champagne Agrapart &amp; Fils L'Avizoise Extra Brut Blanc de Blancs Grand Cru 2012,13914,5025,0.0
"Gilles Robin Crozes-Hermitage Rouge ""1920"" 2016",14736,5700,44.5
Domaine Des Croix Savigny-Lès-Beaune 1er Cru Les Peuillets 2015,13052,4902,0.0
Saumaize-Michelin Pouilly-Fuissé Les Ronchevats 2018,15776,4888,0.0
Saumaize-Michelin Pouilly-Fuissé Vignes Blanches 2018,16037,4889,0.0
Saumaize-Michelin Saint-Véran 2018,16038,4890,102.0
Jacqueson Rully Blanc 1er Cru La Pucelle 2018,15807,4891,1004.4
Jacqueson Rully Rouge Les Chaponnières 2018,15952,4892,60.300000000000004
Jacqueson Rully Rouge 1er Cru Les Cloux 2018,15808,4893,83.69999999999999
Domaine Brintet Mercurey Blanc Vieilles Vignes 2018,16062,4899,190.79999999999998
Domaine Brintet Mercurey Rouge Vieilles Vignes 2018,16063,4900,20.8
Domaine Des Croix Beaune 1er Cru Les Cent Vignes 2017,14802,4901,0.0
Domaine Des Croix Corton Grand Cru Les Grèves 2017,14805,4903,0.0
Champagne Agrapart &amp; Fils Les 7 Crus Brut Blanc de Blancs,11996,5024,0.0
Domaine Des Croix Corton Charlemagne Grand Cru 2016,14220,4904,685.0
Pierre Jean Villa Saint-Joseph Rouge Tildé 2017,15296,3849,0.0
Alphonse Mellot Sancerre Blanc Edmond 2016,14395,4908,212.8
Antoine-Marie Arena Vin de France Bianco Gentile 2018,15614,4909,0.0
Antoine-Marie Arena Vin de France Rouge San Giovanni 2017,13809,4910,69.2
Jean-Baptiste Arena Patrimonio Rouge Grotte Di Sole 2018,15612,4912,155.39999999999998
Jean-Batiste Arena Muscat du Cap Corse 2015,13814,4913,0.0
Antoine-Marie Arena Patrimonio Hauts de Carco 2018,15613,4914,51.8
Jean-Baptiste Arena Patrimonio Blanc Morta Maio,15615,4915,207.2
Saumaize-Michelin Pouilly-Fuissé Clos sur la Roche 2018,15773,4886,142.0
Saumaize-Michelin Mâcon Vergisson Sur La Roche 2017,14981,4885,0.0
Tempier Bandol Rosé 2019,16289,4876,501.6
Triennes IGP Méditerranée Rosé 2019,16149,4870,306.90000000000003
Maurice Schoech Pinot Auxerrois Vieilles Vignes 2018,15448,4785,10.1
Maurice Schoech Gewurztraminer 2018,15881,4786,0.0
Maurice Schoech Pinot Gris 2018,15731,4788,36.900000000000006
Maurice Schoech Pinot Noir 2018,15316,4789,22.2
Maurice Schoech Riesling 2018,15732,4790,0.0
Maurice Schoech Pinot Noir Pièce de Chêne 2016,14599,4791,0.0
Maurice Schoech Riesling Grand Cru Kaefferkopf 2018,15733,4792,399.0
Maurice Schoech Pinot Gris Grand Cru Schlossberg 2017,15730,4793,0.0
Maurice Schoech Riesling Grand Cru Rangen de Thann 2014,12771,4794,0.0
Emile Boeckel Crémant Brut Rosé,3568,4795,120.0
Domaine Peyre Rose Clos des Cistes 2008,14506,4797,0.0
Domaine de la Monardière Vacqueyras Les Deux Monardes 2017,15811,4799,44.7
Château Turcaud Bordeaux Rosé 2019,16342,4858,6.5
Philippe Nusswitz Duché d'Uzès Orénia Rosé 2019,16292,4860,95.69999999999999
Philippe Nusswitz Duché d'Uzès Orénia Rouge 2017,15307,4861,246.5
Philippe Nusswitz Duché d'Uzès Orénia Blanc 2018,16047,4862,118.80000000000001
Château Ollieux Romanis Corbières Rosé Classique 2019,16255,4863,32.8
Mourgues du Grès Costières de Nîmes Capitelles Rosé 2018,16274,4865,127.4
Château De La Selve IGP Coteaux de l'Ardèche Maguelonne Rosé 2019,16148,4867,9.9
Alain Graillot Crozes-Hermitage Rouge La Guiraude 2016,15533,4918,892.8000000000001
Alain Graillot Crozes-Hermitage Rouge 2017,15531,4919,146.39999999999998
Alain Graillot Crozes-Hermitage Blanc 2018,15530,4920,244.0
Champagne Larmandier-Bernier Terre de Vertus Premier Cru 2011,11225,4970,0.0
Château Cordet Margaux 2013,14756,4975,94.8
Château Lafont Menaut Pessac-Leognan Rouge 2017,16005,4976,65.8
Château Lafont Menaut Pessac-Leognan Blanc 2017,14930,4977,48.900000000000006
Château Dutruch Grand Poujeaux Moulis 2016,13313,4978,0.0
Château La Tour l'Aspic Pauillac 2014,15229,4980,0.0
Domaine Peyre Rose Syrah Léone 2008,14507,4994,0.0
Domaine Peyre Rose Oro Blanc 2002,14509,4995,0.0
Domaine Peyre Rose Marlène N°3 2008,14508,4996,0.0
David Duband Côtes de Nuits Villages 2017,15868,5000,163.8
David Duband Charmes-Chambertin Grand Cru 2014,14581,5001,0.0
David Duband Morey-Saint-Denis 1er Cru Les Broc 2016,14580,5002,0.0
David Duband Morey-Saint-Denis 2017,15869,5003,0.0
David Duband Vosne Romanée 2017,15871,5004,118.8
David Duband Nuits-Saint-Georges 2017,15870,5006,0.0
Domaine des Comtes Lafon Volnay 1er Cru Santenots du Milieu 2014,12791,5007,0.0
Domaine des Comtes Lafon Volnay 1er Cru Santenots du Milieu 2013,11602,5008,0.0
Domaine des Comtes Lafon Monthélie 1er Cru Les Duresses 2017,15073,5010,0.0
Château Tour Des Gendres Bergerac Blanc Cuvée Des Conti 2017,14839,5016,27.900000000000002
Château Tour Des Gendres Bergerac Blanc Moulin Des Dames 2016,14696,5019,0.0
Château du Couvent Pomerol 2017,16004,4974,115.0
Château Turcaud Entre-Deux-Mers 2019,16586,4965,184.6
Cave de Castelmaure Corbières Rouge Vigneron 2018,15928,4923,70.0
Château Turcaud Bordeaux Rouge Cuvée Majeure 2018,16515,4964,72.6
Cave de Castelmaure Corbières Rouge Grande Cuvée 2017,16276,4924,0.0
Cave de Castelmaure Corbières Rouge N°3 2017,16277,4925,278.4
Domaine La Croix Belle Côtes de Thongue Blanc Champ des Lys 2018,15456,4926,0.0
Domaine La Croix Belle Côtes de Thongue Rouge La Caringole 2018,15425,4927,26.0
Domaine La Croix Belle Côtes de Thongue Rouge Le Champ du Coq 2016,15047,4928,39.5
Domaine La Croix Belle Côtes de Thongue Rouge N°7 2017,15927,4929,33.4
Domaine La Croix Belle Côtes de Thongue Blanc N°7 2018,16155,4930,87.5
Marcel Richaud Cairanne Rouge L'Ebrescade 2017,16280,4931,0.0
Marcel Richaud Cairanne Rouge Les Estrambords 2011,9937,4932,102.8
Marcel Richaud Cairanne Rouge 2018,16281,4933,0.0
Marcel Richaud Rasteau Rouge 2017,15554,4934,44.4
Domaine Rouge Garance Côtes du Rhône Blanc De Garance 2018,15106,4936,122.1
Domaine Rouge Garance Côtes du Rhône Feuille de Garance 2019,16283,4937,39.6
Domaine Rouge Garance Côtes du Rhône Villages Garances 2016,13379,4938,0.0
Oratoire Saint Martin Cairanne Blanc Réserve des Seigneurs 2018,15338,4939,0.0
Oratoire Saint Martin Cairanne Blanc Haut-Coustias 2017,15337,4940,41.0
Château Turcaud Bordeaux Blanc Cuvée Majeure 2018,15737,4962,158.20000000000002
Château Turcaud Bordeaux Rouge 2016,15958,4963,14.0
Planeta Sicilia Noto Santa Cecilia 2016,16094,5697,0.0
Domaine de l'Ecu Muscadet Taurus 2012,11736,5703,0.0
Maurice Schoech Pinot Gris Vendanges Tardives 2015,13754,4783,0.0
Domaine des Comtes Lafon Volnay 1er Cru Champans 2014,12790,6215,0.0
David Duband Chambolle-Musigny 1er Cru Les Sentiers 2016,14596,6201,0.0
Domaine Clerget Echezeaux Grand Cru En Orveaux 2015,15126,6202,0.0
Domaine Giudicelli Muscat du Cap Corse 2016,14604,6204,217.0
Domaine Giudicelli Vin de France Corail Rouge 2019,16565,6205,0.0
Domaine Giudicelli Patrimonio Blanc 2019,16580,6206,1033.2
Domaine Giudicelli Patrimonio Rouge 2016,16077,6207,932.4
Domaine des Comtes Lafon Volnay 1er Cru Santenots du Milieu 2015,13996,6212,230.0
Domaine des Comtes Lafon Volnay 1er Cru Santenots du Milieu 2016,15072,6213,0.0
Domaine des Comtes Lafon Volnay 1er Cru Champans 2013,11601,6214,0.0
Domaine des Comtes Lafon Volnay 1er Cru Champans 2016,15070,6216,0.0
I Fabbri Chianti Classico Gran Selezione 2015,15318,6038,0.0
Planeta Sicilia Eruzione 1614 2017,16096,6221,0.0
Planeta Sicilia Passito di Noto 2016,7032,6222,0.0
Planeta Sicilia Chardonnay 2017,15324,6223,160.2
Le Pas de l'Escalette IGP Hérault Ze Cinsault 2017,15162,6225,81.6
Le Pas de l'Escalette Terrasses du Larzac Le Pas de D. 2017,15161,6226,0.0
Le Pas de l'Escalette Terrasses du Larzac Les Frieys 2017,15163,6227,40.2
Borie de Maurel Minervois Rouge Esprit d'Automne 2019,16273,6278,45.0
Borie de Maurel Minervois Rouge Maxime 2003,16247,6279,0.0
Borie de Maurel Minervois Blanc La Belle Aude 2018,15654,6280,0.0
Domaine de Vaccelli Ajaccio Blanc Sirocco 2017,15834,6137,92.0
Moulin de Gassac IGP Pays d'Hérault Guilhem Blanc 2017,14570,6129,0.0
Moulin de Gassac IGP Pays d'Hérault Blanc Faune 2017,14569,6128,31.799999999999997
Moulin de Gassac IGP Pays d'Hérault Rouge Mazet du Levant 2017,14573,6127,0.0
Domaine La Croix Belle Côtes de Thongue Rosé Les Grillons 2019,16159,6042,153.0
Château de La Liquière Faugères L'Ampoule 2019,16264,6047,414.2
Christophe Pichon Saint-Joseph Blanc 2017,14899,6049,65.4
Christophe Pichon Condrieu 2017,15134,6050,0.0
Borie La Vitarèle Pays d'Hérault Les Cigales 2019,16133,6070,9.3
Clos du Mont-Olivet Côtes-du-Rhône Blanc 2019,16028,6072,122.39999999999999
Jacqueson Rully Rouge 1er Cru Les Preaux 2018,15951,6073,0.0
Château de Villeneuve Saumur-Champigny 2017,15487,6093,12.6
Château de Villeneuve Saumur-Champigny Clos de la Bienboire 2018,15486,6094,0.0
Château de Villeneuve Saumur-Champigny Le Grand Clos 2017,15489,6095,0.0
Stéphane Tissot Arbois Blanc La Mailloche 2016,14089,6101,0.0
Stéphane Tissot Arbois Trousseau Amphore 2017,14100,6103,0.0
Stéphane Tissot Arbois Blanc Savagnin 2015,14092,6104,0.0
Stéphane Tissot Côtes du Jura Sursis 2017,14090,6105,243.59999999999997
Stéphane Tissot Château-Chalon 2011,14106,6106,0.0
Stéphane Tissot Arbois Vin Jaune En Spois 2011,14101,6107,0.0
Gilles Robin Cornas 2016,14797,6108,0.0
Gilles Robin Saint-Joseph Rouge André Péalat 2010,15201,6109,39.2
Champagne Gosset Célébris Vintage 2007,14923,6126,270.0
Lucien Boillot Gevrey Chambertin 1er Cru Les Cherbaudes 2017,15710,6299,0.0
Borie La Vitarèle Saint-Chinian Midi Rouge 2015,15745,6301,0.0
Tempier Bandol Blanc 2018,15678,6325,0.0
Weingut Besson-Strasser Zürich Pinot Noir Cholfirst 2017,15793,6629,37.7
Weingut Besson-Strasser Zürich Pinot Noir Chlosterberg 2016,15794,6632,52.7
Domaine de la Monardière Vacqueyras Vieilles Vignes 2016,15763,6635,22.4
Catherine et Claude Maréchal Pommard La Chanière 2017,16152,6663,0.0
Catherine et Claude Maréchal Savigny-Lès-Beaune Rouge 2017,15661,6664,0.0
Domaine Hauvette IGP Alpilles Jaspe 2017,16068,6665,27.7
Domaine Hauvette IGP Alpilles Dolia 2013,16067,6666,0.0
Emile Boeckel Crémant Chardonnay Extra Brut 2016,8193,6738,46.2
Château Simone Palette Blanc 2017,16144,6751,0.0
Château Simone Palette Rouge 2015,15256,6753,0.0
Domino Romano Ribera del Duero RDR 2015,15735,6884,0.0
Gratavinum Priorat GV5 2011,14897,6886,0.0
Gratavinum Priorat 2?r 2017,15736,6887,0.0
Château Jean Faure Saint-Emilion Grand Cru 2015,15740,6920,0.0
Château Jean Faure Saint-Emilion Grand Cru 2016,15845,6926,49.9
Le Cèdre de Jean Faure Saint-Emilion 2016,15741,6928,38.0
Mouthes Le Bihan Côtes de Duras L'Aimé Chai 2015,16135,6930,42.0
Camin Larredya Jurançon Sec La Virada 2018,15891,7023,0.0
Domaine Jamet Côte Rôtie Fructus Voluptas 2018,15887,7025,0.0
Clos du Mont-Olivet Châteauneuf-du-Pape 2007,13127-1,7247,0.0
Weingut Besson-Strasser Zürich Pinot Noir Albi 2016,15795,6631,0.0
Weingut Besson-Strasser Zürich Blauer Zweigelt 2016,15792,6628,0.0
Le Pas de l'Escalette IGP Pays d'Hérault Les Clapas Blanc 2018,15810,6328,0.0
Weingut Besson-Strasser Zürich Fumé 2017,15791,6627,41.8
"Decelle-Villa Côte de Nuits Villages ""Aux Montagnes"" 2014",15779,6567,0.0
Decelle-Villa Chambolle-Musigny 2017,15707,6568,0.0
Decelle-Villa Chorey-Lès-Beaune 2016,15705,6569,87.0
Decelle-Villa Marsannay Les Longeroies 2015,15706,6570,0.0
Decelle-Villa Saint-Aubin 1er Cru Sous Roche Dumay 2015,15704,6572,0.0
Marc Colin Et Fils Chassagne-Montrachet 1er Cru Les Champs Gain 2017,15473,6573,68.3
Marc Colin Et Fils Saint-Aubin 1er Cru La Chatenière 2017,15479,6575,0.0
Saumaize-Michelin Pouilly-Fuissé Ampélopsis 2016,15647,6578,280.0
La Préceptorie Côtes du Roussillon Blanc Coume Marie 2018,15769,6584,0.0
La Préceptorie Côtes du Roussillon Blanc Terres Nouvelles 2018,15434,6585,0.0
Domaine de la Monardière Vacqueyras Blanc Galéjade 2018,15764,6592,0.0
Clos du Mont-Olivet Châteauneuf-du-Pape 2018,16071,6615,0.0
Clos du Mont-Olivet Lirac Rouge 2017,15781,6616,15.4
Clos du Mont-Olivet Vins de Pays du Gard Rive Droite 2018,16031,6617,59.400000000000006
Clos du Mont-Olivet Vins de Pays du Gard Confluence 2017,15539,6618,0.0
Domaine de La Tour Du Bon Bandol Rouge Saint Ferréol 2005,16046,6620,0.0
Thierry Germain Saumur-Champigny La Marginale 2018,15204,6621,105.60000000000001
Thierry Germain Saumur-Champigny Les Mémoires 2018,15205,6622,0.0
Weingut Besson-Strasser Zürich Räuschling 2018,15790,6626,0.0
Château de Vaudieu Châteauneuf-du-Pape Amiral G 2015,13073,6041,0.0
Zind-Humbrecht Muscat Turckheim 2016,15342,6035,17.9
Domaine de l'Ecu Muscadet Gneiss 2015,15036,5704,0.0
Château Fonréaud Bordeaux Blanc Le Cygne 2016,14692,5794,0.0
Camille Giroud Maranges Rouge 1er Cru Le Croix Moines 2016,15183,5768,35.6
Camille Giroud Marsannay Rouge Les Longeroies 2016,15254,5769,0.0
Camille Giroud Santenay Blanc 2017,15178,5770,137.6
Camille Giroud Santenay Rouge 1er Cru Clos Rousseau 2016,15184,5771,0.0
Camille Giroud Santenay Rouge 2016,15180,5772,29.7
Decelle-Villa Auxey-Duresses Blanc 2017,15264,5773,98.39999999999999
Maurel Pays d'Oc Cabernet-Sauvignon 2017,14338,5777,0.0
Maurel Pays d'Oc Merlot 2018,15561,5778,139.2
Maurel Pays d'Oc Syrah 2019,16213,5779,46.4
Château de Chantegrive Graves Blanc Caroline 2016,13291,5795,0.0
Zind-Humbrecht Riesling Clos Windsbuhl 2014,13211,5969,0.0
Château Saransot-Dupré Bordeaux Blanc 2016,13895,5796,0.0
Château Saransot-Dupré Listrac-Médoc 2016,15688,5797,0.0
Château Carbonnieux Graves Blanc 2017,14461,5799,0.0
Château Monbrison Margaux Bouquet de Monbrison 2012,11277,5801,0.0
Château Peymartin Saint-Julien 2014,15399,5802,0.0
Château Tour Haut-Caussan Médoc 2015,13572,5803,51.300000000000004
Château Le Puy Bordeaux Côtes-de-Francs Emilien 2016,14955,5804,25.0
Château La Croix Meunier Saint-Emilion Grand Cru 2014,13567,5806,34.8
Château d'Arcole Saint-Emilion Grand Cru 2016,15471,5807,109.2
Camille Giroud Clos de Vougeot 2016,15185,5767,0.0
Camille Giroud Auxey-Duresses Blanc 2017,15179,5766,0.0
Parcé Frères Collioure Rouge Petit Gus 2018,15818,5764,154.8
Huiles d'Olive Extra Vierge Planeta 3x 10cl,13849,5761,0.0
Domaine Huet Vouvray Pétillant Brut 2014,15360,5705,39.6
Domaine des Terres d'Ocre Saint-Pourçain Blanc Instant T 2018,15674,5706,0.0
Domaine des Terres d'Ocre Saint-Pourçain Rouge Instant T 2015,13557,5707,108.0
Philippe Alliet Chinon Rouge Coteau de Noiré 2016,15035,5709,0.0
Albert Mann Riesling Cuvée Albert 2017,16121,5711,125.0
Albert Mann Gewurztraminer Vendanges Tardives Altenbourg 2015,14241,5712,57.6
François Baur Gewurztraminer Herrenweg de Turckheim 2016,14982,5715,0.0
Domaine de l'Hortus Pays de l'Hérault Le Loup Dans La Bergerie 2018,15026,5722,134.9
Triennes IGP Méditerranée Blanc Sainte Fleur 2018,15116,5736,74.5
Triennes IGP Méditerranée Rouge Les Auréliens 2016,15369,5737,99.0
Triennes IGP Méditerranée Rouge Saint Auguste 2016,15566,5738,160.6
Triennes IGP Méditerranée Rouge Merlot 2016,16003,5739,10.7
Domaine Clerget Chambolle-Musigny Les Charmes 2015,15127,5741,0.0
Domaine Clerget Chambolle-Musigny 2014,15125,5742,0.0
Domaine Clerget Vosne-Romanée Les Violettes 2015,14323,5743,0.0
Thibaud Boudignon Anjou Blanc 2018,15631,5747,514.5
Château de la Selve Vin de France Petite Selve 2019,16147,5753,40.4
Huile d'Olive Extra Vierge Planeta Selezione Chef 3L,7033,5756,168.8
Huile d'Olive Extra Vierge Planeta 50cl,11258,5760,26.2
Château Tour De Pez Saint-Estèphe Les Hauts de Pez 2016,15080,5809,0.0
Château Tour De Pez Saint-Estèphe 2017,14429,5810,0.0
Maison Trimbach Muscat Réserve 2017,15238,5815,16.6
Kingsbarns Distillery Lowland Single Malt Whisky,15227,5912,0.0
Darnley's London Dry Gin Spiced,14265,5914,36.0
Wemyss Malts Single Cask Scotch Whisky Chocolate Moka Cake 2005 Strathclyde,14774,5916,0.0
Wemyss Malts Single Cask Scotch Whisky Choc 'n' Nut Pretzel 2001 Bunnahabhain,14775,5917,0.0
Wemyss Malts Single Cask Scotch Whisky Chai Caramel Latte 2002 Craigellachie,14773,5918,0.0
Albert Mann Pinot Noir Clos de la Faille 2017,15343,5922,824.5
Albert Mann Riesling Grand Cru Furstentum 2017,15351,5925,99.0
Borie La Vitarèle Languedoc Blanc Le Grand Mayol 2019,16323,5930,14.1
Cognac Normandin Mercier VFC,523,5932,0.0
Domaine de Vaccelli AOP Ajaccio Rouge Granit 2016,15432,5950,230.0
Domaine de Vaccelli AOP Ajaccio Rouge Granit 174 2017,16472,5951,0.0
Clos du Prieur Terrasses du Larzac 2018,15895,5956,0.0
Domaine Labranche Laffont Madiran Tradition 2016,15577,5958,0.0
Domaine Labranche Laffont Madiran Vieilles Vignes 2015,15766,5959,0.0
Domaine Labranche Laffont Pacherenc du Vic-Bilh Sec 2017,15892,5960,0.0
Camin Larredya Jurançon Moelleux Au Capcéu 2018,16326,5962,0.0
Domaine de l'Ancienne Cure Bergerac Blanc Sec L'Abbaye 2016,15574,5963,0.0
Domaine de l'Ancienne Cure Pécharmant L'Abbaye 2015,13662,5964,48.900000000000006
Zind-Humbrecht Gewurztraminer Clos Windsbuhl 2012,11669,5967,0.0
Zind-Humbrecht Pinot Gris Clos Windsbuhl 2013,13215,5968,0.0
Darnley's London Dry Gin Original,10014,5913,0.0
Domaine de Montbourgeau Vin de Paille 2013,12882,5907,0.0
Maison Trimbach Riesling 2017,15237,5816,0.0
Domaine de Montbourgeau L'Etoile En Banode 2016,15857,5906,0.0
Maison Trimbach Riesling Grand Cru Geisberg 2012,14600,5817,0.0
Maison Trimbach Riesling Grand Cru Schlossberg 2015,15241,5818,0.0
Maison Trimbach Riesling Cuvée Frédéric Emile 2008,11933,5819,56.0
Maison Trimbach Riesling Cuvée Frédéric Emile 2012,15240,5820,0.0
Agnès Levet Côte Rôtie Améthyste 2017,15325,5826,164.8
Agnès Levet Côte Rôtie Maestria 2017,15328,5827,165.0
Agnès Levet Côte Rôtie Péroline 2017,15329,5829,171.0
Saumaize-Michelin Saint-Véran Les Crèches 2018,15775,5890,0.0
Saumaize-Michelin Viré-Clessé 2018,15774,5891,19.0
Coteaux Champenois Egly-Ouriet Ambonnay Rouge 2016,14983,5892,573.9000000000001
Gilbert Picq Chablis 1er Cru Vaucoupin 2016,13910,5893,133.0
Thevenet Quintaine Viré-Clessé Emilian Gillet 2017,16539,5894,77.0
Thevenet Quintaine Viré-Clessé La Bongran 2015,15910,5896,0.0
Stéphane Tissot Arbois Blanc Les Bruyères 2015,12339,5899,112.4
Stéphane Tissot Arbois D.D. 2016,12869,5900,0.0
Stéphane Tissot Arbois Pinot Noir Sous La Tour 2016,14095,5902,0.0
Stéphane Tissot Arbois Trousseau Singulier 2017,14099,5903,0.0
Domaine de Montbourgeau Côtes du Jura Poulsard 2018,15856,5904,0.0
Domaine de Montbourgeau L'Etoile Vin Jaune 2009,12881,5905,87.8
Maurice Schoech Riesling Vendanges Tardives 2017,15734,4784,0.0
Alphonse Mellot Coteaux Charitois Rouge Les Pénitents 2015,14374,4907,0.0
Paul Ginglinger Pinot Blanc 2017,16564,4782,29.400000000000002
Lucien Boillot Volnay 1er Cru Les Angles 2017,15718,4213,0.0
Mas de Daumas Gassac IGP Saint-Guilhem-le-Désert Blanc 2019,15655,4202,0.0
Mas Laval IGP Pays d'Hérault Les Pampres Blancs 2018,15415,4203,59.400000000000006
Mas Laval IGP Pays d'Hérault Les Pampres Rouges 2017,15414,4204,33.900000000000006
Mas Laval Terrasses du Larzac La Grande Cuvée 2016,15413,4205,276.0
Domaine Montrose Côtes de Thongue Rouge 2018,16023,4207,33.5
Domaine Montrose Côtes de Thongue Rosé 2019,16024,4208,121.6
Lucien Boillot Nuits-Saint-Georges 1er Cru Les Pruliers 2017,15720,4210,0.0
Lucien Boillot Pommard 2017,15714,4211,48.5
Lucien Boillot Volnay 2017,15717,4212,79.6
Marc Colin Et Fils Saint-Aubin Blanc Luce 2017,15480,4215,0.0
Moulin de Gassac IGP Pays d'Hérault Guilhem Rosé 2019,16295,4200,266.8
Domaine de l'Ecu Muscadet Classic 2018,15213,4216,13.4
Domaine de l'Ecu Muscadet Granite 2018,15672,4217,0.0
Domaine de l'Ecu Muscadet Orthogneiss 2014,12599,4219,16.7
Xavier Frissant Touraine Amboise Chenin Les Pierres 2018,15758,4220,139.2
Xavier Frissant Touraine Les Roses du Clos 2018,15829,4221,192.0
Xavier Frissant Touraine Amboise M de La Touche 2016,15759,4222,35.6
Xavier Frissant Touraine Sauvignon 2019,16585,4223,29.099999999999998
Pierre Martin Sancerre Chavignol Rouge 2017,15306,4224,34.4
Pierre Martin Sancerre Chavignol Blanc 2019,16497,4225,219.7
Mas de Daumas Gassac IGP Saint-Guilhem-le-Désert 2018,15656,4201,0.0
Moulin de Gassac IGP Pays d'Hérault Guilhem Rouge 2019,16322,4198,0.0
Ollieux Romanis Corbières Classique 2018,15786,4170,36.0
Borie La Vitarèle Saint-Chinian Les Schistes 2017,15747,4182,50.099999999999994
Maurel Pays d'Oc Chardonnay 2019,16210,4172,245.1
Maurel Pays d'Oc Chenin-Colombard 2019,16211,4173,74.10000000000001
Maurel Cabardès Tradition 2017,16209,4174,34.2
Domaine de l'Hortus Pic Saint-Loup La Bergerie Rouge 2018,15629,4176,121.5
Domaine de l'Hortus Val de Montferrand La Bergerie Blanc 2018,15583,4177,0.0
Domaine de l'Hortus Pic Saint-Loup La Bergerie Rosé 2019,16160,4178,195.5
Domaine de l'Hortus Pic Saint-Loup La Grande Cuvée 2018,16166,4179,168.0
Domaine de l'Hortus Val de Montferrand La Grande Cuvée Blanc 2018,15783,4180,0.0
Borie La Vitarèle Saint-Chinian Les Terres Blanches 2019,16560,4181,107.10000000000001
Borie La Vitarèle Saint-Chinian Les Crès 2016,15746,4183,0.0
Château de La Liquière Faugères Les Amandiers Rosé 2019,16256,4197,75.2
Le Pas de l'Escalette Terrasses du Larzac Les Clapas Rouge 2018,16190,4186,16.6
Le Pas de l'Escalette Languedoc Les Petits Pas 2019,16189,4187,558.6
Château de La Liquière Languedoc Blanc Les Amandiers 2019,16265,4188,76.0
Le Pas de l'Escalette Coteaux du Languedoc Ze Rozé 2019,16191,4190,60.5
Château de La Liquière Faugères Les Amandiers Rouge 2019,16263,4191,111.60000000000001
Château de La Liquière Faugères Cistus Rouge 2017,15605,4192,89.0
Château de La Liquière Faugères Cistus Blanc 2019,16529,4193,108.0
Château de La Liquière Faugères 2017,15441,4194,97.2
Château de La Liquière Faugères Tucade 2015,13032,4196,54.4
La Cotelleraie Saint-Nicolas-de-Bourgueil La Croisée 2018,15261,4227,75.6
Domaine de Bellivière Jasnières Les Rosiers 2015,12657,4228,0.0
Mérieau Touraine L'Arpent des Vaudons 2018,15403,4229,0.0
I Fabbri Chianti Classico Riserva 2015,14865,4277,74.4
Domaine Bulliat Morgon Amphore Cou de Jus 2019,16537,4267,38.0
Domaine Bulliat Morgon Le Colombier 2019,16307,4268,15.2
Domaine Sérol Côte Roannaise Les Originelles 2019,16244,4269,0.0
Domaine Sérol Côte Roannaise Les Millerands 2018,15839,4270,62.0
Domaine Sérol Côte Roannaise Perdrizière 2016,13460,4271,0.0
Domaine Sérol Côte Roannaise Rosé Cabochard 2016,13089,4272,9.2
Domaine Sérol Vin Mousseux Rosé Turbullent Méthode Ancestrale,12942,4274,0.0
I Fabbri Chianti Classico Lamole 2017,14864,4275,178.8
I Fabbri Chianti Classico Terra Di Lamole 2015,14527,4276,0.0
Château de Cazeneuve Languedoc Blanc 2016,15690,4280,0.0
Argentine Mendoza Alamos Malbec 2018,15461,4231,11.1
Château de Cazeneuve Val de Montferrand Rouge Caza Sorix 2019,16330,4281,0.0
Château de Cazeneuve Pic Saint-Loup Le Roc Des Mates 2017,16154,4283,108.0
Château de Cazeneuve Pic Saint-Loup Le Sang Du Calvaire 2017,16153,4285,328.0
Domaine Hauvette Les Baux de Provence Amethyste 2017,16066,4286,698.0
Domaine Hauvette Les Baux de Provence Cornaline 2014,16065,4287,38.6
Domaine Hauvette IGP Alpilles Jaspe 2017,15292,4288,26.7
Domaine de La Tour Du Bon Bandol Blanc 2019,16246,4297,0.0
Domaine de La Tour Du Bon Bandol Rouge 2018,16501,4298,23.2
Domaine de La Tour Du Bon Bandol Rouge Saint Ferréol 2018,16578,4299,0.0
Domaine Bulliat Beaujolais Villages Bibine 2018,15136,4265,28.799999999999997
Chermette Domaine du Vissoux Moulin à Vent Les Trois Roches 2018,15665,4264,35.6
Chermette Domaine du Vissoux Fleurie Poncié 2018,15664,4263,0.0
Chermette Domaine du Vissoux Brouilly Pierreux 2018,15663,4262,47.400000000000006
Argentine Mendoza Alamos Chardonnay 2019,16269,4232,22.2
Maroc Graillot/Thaleb Tandem Syrah 2015,13905,4235,17.1
Domaine Augustin Collioure Blanc Adéodat 2019,16567,4239,0.0
Domaine Augustin Collioure Rouge Adéodat 2017,15436,4240,0.0
Parcé Frères IGP Côtes Catalanes Hommage à Fernand Blanc 2019,14725,4241,8.9
Parcé Frères Côtes du Roussillon Villages Zoé Rouge 2018,15310,4242,120.39999999999999
La Préceptorie Côtes du Roussillon Coume Marie 2018,15770,4244,67.5
Parcé Frères IGP Pays d'Oc Zoé Viognier 2019,16097,4245,8.9
Domaine Saint-Denis Mâcon Lugny 2017,15428,4246,107.10000000000001
Domaine Saint-Denis Mâcon Chardonnay 2017,15033,4248,177.60000000000002
Maurice Schoech Crémant d'Alsace Brut Rosé Bulles de Granite,13096,4780,13.7
Domaine Saint-Denis Bourgogne Rouge Le Clos 2017,15032,4251,112.8
Domaine Huet Vouvray Le Clos du Bourg Moelleux Première Trie 2008,6616,4253,0.0
Domaine Huet Vouvray Haut-Lieu Demi-Sec 2015,12203,4254,0.0
Domaine Huet Vouvray Haut-Lieu Sec 2017,14253,4256,0.0
Domaine Huet Vouvray Le Mont Moelleux 2015,12476,4257,0.0
Domaine Huet Vouvray Le Mont Sec 2017,14485,4258,160.5
Chermette Domaine du Vissoux Beaujolais Blanc Collonge 2017,14945,4260,24.4
Chermette Domaine du Vissoux Beaujolais Griottes 2018,15662,4261,9.9
Le Hameau Des Ollieux Monsieur Pinot 2017,14332,4171,7.8
Ollieux Romanis Corbières Blanc Cuvée Prestige 2018,15784,4168,218.39999999999998
Domaine de La Tour Du Bon Bandol Rosé 2019,16553,4301,52.5
Château de Vaudieu Châteauneuf-du-Pape L'Avenue 2015,13074,4073,0.0
Oratoire Saint Martin Cairanne Rouge Réserve des Seigneurs 2017,15966,4064,43.2
Oratoire Saint Martin Cairanne Rouge Les Douyes 2016,15022,4065,0.0
Oratoire Saint Martin Cairanne Rouge Haut Coustias 2016,15967,4066,416.0
Gilles Robin Crozes-Hermitage Rouge Albéric 2017,15490,4067,418.0
Gilles Robin Crozes-Hermitage Rouge Papillon 2019,16416,4068,1029.2
Gilles Robin Hermitage Rouge 2012,11862,4069,0.0
Gilles Robin Crozes-Hermitage Blanc Les Marelles 2018,15444,4070,163.79999999999998
Château de Vaudieu Châteauneuf-du-Pape Rouge 2015,15953,4071,630.8000000000001
Château de Vaudieu Châteauneuf-du-Pape Blanc 2015,12045,4072,32.0
Domaine de la Jérôme Côtes du Rhône Village 201,15941,4074,50.8
Mourgues du Grès IGP Pont du Gard Terre d'Argence 2018,16320,4062,35.7
Plateau des Chênes Lirac 2015,16069,4075,0.0
Plateau des Chênes Lirac 2016,13072,4076,56.2
Domaine des Bosquets Gigondas 2016,15440,4077,0.0
Domaine des Bosquets Gigondas La Colline 2015,13435,4078,440.0
Le Vieux Donjon Châteauneuf-du-Pape 2013,13078,4079,0.0
Le Vieux Donjon Châteauneuf-du-Pape 2016,13117,4081,156.0
"Rimauresq Côtes de Provence Blanc Cru Classé ""R"" 2019",16296,4083,0.0
"Rimauresq Côtes de Provence Rouge Cru Classé ""R"" 2017",16014,4084,0.0
Rimauresq Côtes de Provence Rouge Cru Classé 2017,16462,4085,133.0
Mourgues du Grès Costières de Nîmes Terre de Feu 2017,16319,4063,43.5
Mourgues du Grès Costières de Nîmes Terre d'Argence 2017,16498,4060,107.10000000000001
Ollieux Romanis Corbières Rouge Cuvée Prestige 2017,15785,4167,42.900000000000006
Pierre Gaillard Côtes-du-Rhône Blanc Les Gendrines 2018,14977,4047,0.0
Pierre Jean Villa Crozes-Hermitage Accroche Coeur 2018,15300,3850,0.0
Pierre Jean Villa IGP Collines Rhodaniennes Gamine 2018,19814,4032,42.3
Pierre Jean Villa Côte Rôtie Carmina 2017,19815,4039,0.0
Pierre Jean Villa Saint-Joseph Saut De l'Ange 2018,15303,4040,0.0
Pierre Gaillard Condrieu 2018,14975,4041,0.0
Pierre Gaillard Cornas 2017,16042,4042,218.4
Pierre Gaillard Côte Rôtie Esprit de Blonde 2017,14980,4043,180.0
Pierre Gaillard Côte Rôtie 2018,16041,4045,596.4
Pierre Gaillard Côte Rôtie Rose Pourpre 2017,15269,4046,480.0
Pierre Gaillard Saint-Joseph Rouge Clos de Cuminaille 2018,16044,4048,159.6
Mourgues du Grès Costières de Nîmes Galets Rosés 2019,16275,4059,60.89999999999999
Pierre Gaillard Saint-Joseph Rouge 2018,16043,4049,19.3
Pierre Gaillard Saint-Joseph Blanc 2019,16449,4050,130.8
Jeanne Gaillard IGP Collines Rhodaniennes Syrah Terre de Mandrin 2018,16045,4051,46.2
Clos du Mont-Olivet Châteauneuf-du-Pape Blanc 2019,16030,4052,202.20000000000002
Clos du Mont-Olivet Châteauneuf-du-Pape 2012,13127,4053,1018.9
Clos du Mont-Olivet Châteauneuf-du-Pape Cuvée du Papet 2018,19816,4054,716.0
Clos du Mont-Olivet Côtes-du-Rhône Vieilles Vignes 2018,16029,4056,127.0
Mourgues du Grès Costières de Nîmes Galets Dorés 2019,16039,4057,156.6
Mourgues du Grès Costières de Nîmes Galets Rouges 2019,16318,4058,95.69999999999999
Rimauresq Côtes de Provence Blanc Cru Classé 2019,16013,4086,65.6
Rimauresq Côtes de Provence Cru Classé Rosé 2019,16180,4087,259.2
Paul Ginglinger Gewurztraminer Wahlenbourg 2017,15676,4094,0.0
Elian Daros Côtes du Marmandais Coucou Blanc 2016,14941,4156,122.10000000000001
Champagne Mailly Grand Cru Extra Brut Millésimé 2012,15648,4147,99.0
Champagne Mailly Grand Cru Brut Rosé,1364,4148,0.0
Champagne Mailly Grand Cru Intemporelle Rosé 2009,7086,4149,0.0
Champagne Mailly Grand Cru Intemporelle 2010,1366,4150,59.0
Elian Daros Côtes du Marmandais Abouriou 2016,15140,4151,164.39999999999998
Elian Daros Côtes du Marmandais Chante Coucou 2016,16238,4152,134.4
Elian Daros Côtes du Marmandais Clos Baquey 2015,16237,4153,1044.0
Elian Daros Côtes du Marmandais Le Vin Est Une Fête 2017,15141,4154,176.4
Elian Daros Côtes du Marmandais Le Vignoble d'Elian 2016,14944,4155,43.5
Planeta Sicilia Alastro 2017,14751,4157,0.0
Paul Ginglinger Muscat Caroline 2018,16120,4095,50.4
Planeta Sicilia Etna Rosso 2018,16093,4158,0.0
Planeta Sicilia La Segreta Bianco 2017,15668,4159,27.900000000000002
Planeta Sicilia La Segreta Rosso 2017,15373,4160,65.10000000000001
Planeta Sicilia Plumbago 2017,15375,4161,0.0
Domino Romano Ribera Del Duero Camino Romano 2016,14474,4162,14.3
Parés Baltà Penedès Calcari 2018,15482,4163,32.400000000000006
Parés Baltà Penedès Mas Petit 2015,13453,4164,152.0
Parés Baltà Penedès Indigena 2017,15075,4165,36.0
Ollieux Romanis Corbières Boutenac Atal Sia 2017,16124,4166,123.0
Champagne Mailly Grand Cru Brut Réserve,1360,4146,0.0
Champagne Gosset Grand Rosé,1662,4144,4263.0
Champagne Gosset Grand Millésime 2006,11641,4142,1590.0
Champagne Gosset Grande Réserve,304,4141,1560.0
Paul Ginglinger Pinot Gris Grand Cru Eichberg 2015,15564,4096,0.0
Paul Ginglinger Pinot Gris Les Prelats 2018,15675,4097,12.8
Paul Ginglinger Pinot Noir Les Rocailles 2016,15378,4098,22.1
Paul Ginglinger Riesling Drei Exa 2018,15813,4099,0.0
Emile Boeckel Gewurztraminer Grand Cru Zotzenberg 2016,13416,4100,0.0
Emile Boeckel Pinot Gris Grand Cru Zotzenberg 2016,14905,4101,0.0
Emile Boeckel Sylvaner Grand Cru Zotzenberg 2017,15767,4102,16.3
Emile Boeckel Riesling Grand Cru Wiebelsberg 2016,16505,4103,195.60000000000002
Emile Boeckel Riesling Brandluft 2018,15683,4104,116.39999999999999
Emile Boeckel Sylvaner Vieilles Vignes 2019,16504,4105,34.0
Emile Boeckel Pinot Noir Barriques Oberpfoeller 2018,15787,4106,75.6
Emile Boeckel Pinot Noir Terres Rouges 2016,14800,4107,0.0
Zind-Humbrecht Riesling Herrenweg de Turckheim 2017,15353,4108,63.4
Zind-Humbrecht Riesling Grand Cru Rangen De Thann Clos Saint-Urbain 2017,15382,4115,0.0
Zind-Humbrecht Pinot Gris Roche Calcaire 2017,15339,4130,0.0
Zind-Humbrecht Pinot Gris Grand Cru Rangen De Thann Clos Saint-Urbain 2012,11668,4132,0.0
Zind-Humbrecht Muscat Grand Cru Goldert 2015,13209,4137,0.0
Zind-Humbrecht Zind 2017,15341,4138,154.2
Zind-Humbrecht Gewurztraminer Grand Cru Rangen De Thann Clos Saint-Urbain 2013,13217,4139,0.0
Domaine de La Tour Du Bon Bandol Rouge En Sol 2017,15567,4300,44.0
Domaine Saint-Denis Bourgogne Rouge Clos de la Coque 2018,16317,4250,585.0
Rimauresq Côtes de Provence Rouge Cru Classé Quintessence 2015,13172,4303,0.0
Domaine Rotier Gaillac Rouge Les Gravels 2016,15282,4677,9.5
Domaine Pellé Menetou Salon Blanc Le Carroir 2018,16053,4669,20.2
Domaine Pellé Menetou Salon Blanc Morogues 2018,15525,4670,34.0
Domaine Pellé Menetou Salon Rouge Les Cris 2015,15527,4671,0.0
Domaine Pellé Menetou Salon Rouge Morogues 2017,14676,4672,0.0
Domaine Pellé Sancerre Rouge La Croix Au Garde 2017,16057,4673,0.0
Domaine Pellé Sancerre Blanc La Croix Au Garde 2018,16056,4674,133.0
Domaine Rotier Gaillac Blanc Sec Renaissance 2015,13762,4675,0.0
Domaine de l'Idylle Savoie Cruet 2018,15120,4304,0.0
Domaine Rotier Gaillac Rouge L'Ame 2016,15281,4678,0.0
Vincent Carême Vouvray Moelleux 2015,13647,4666,0.0
Domaine Rotier Gaillac Rouge Renaissance 2016,15283,4679,0.0
Domaine de Joy Côtes de Gascogne Envie de Joy 2018,15934,4680,12.6
Domaine de Joy Côtes de Gascogne Blanc Moelleux Saint-André 2018,15933,4681,85.19999999999999
Château Plaisance Fronton Rouge 2017,15575,4682,54.599999999999994
Château Plaisance Fronton Rosé 2019,16239,4683,9.1
Château Plaisance Fronton To Co Que Cal 2015,14451,4684,54.300000000000004
Cosse Maisonneuve Cahors Solis 2018,16324,4686,28.0
Cosse-Maisonneuve Cahors Le Sid 2014,15582,4687,0.0
Xavier Frissant Touraine Amboise L'Orée des Frênes 2015,14657,4668,36.900000000000006
Vincent Carême Vouvray Sec 2018,15404,4665,28.8
Domaine Plageoles Vin de France Contre-Pied 2016,13659,4690,0.0
Bernard Baudry Chinon Blanc 2018,16261,4649,16.5
Marcel Windholtz Eau de Vie de Quetsch d'Alsace Réserve Particulière,2179,4632,0.0
Marcel Windholtz Eau de Vie de Mirabelle d'Alsace Réserve Particulière,804,4633,157.2
Marcel Windholtz Eau de Vie de Marc de Gewurztraminer,41,4634,0.0
Marcel Windholtz Eau de Vie de Kirsch d'Alsace Réserve Particulière,798,4635,0.0
Marcel Windholtz Eau de Vie de Framboise d'Alsace,2361,4636,50.0
Bernard Baudry Chinon Rouge Le Clos Guillot 2017,15848,4646,21.5
Bernard Baudry Chinon Rouge La Croix Boissée 2017,16525,4647,228.0
Bernard Baudry Chinon Blanc La Croix Boissée 2018,16262,4648,48.6
Thierry Germain Saumur Blanc L'Insolite 2018,15206,4650,126.5
La Cotelleraie Saint-Nicolas-de-Bourgueil Le Vau Jaumier 2016,15402,4664,0.0
Thierry Germain Saumur Blanc Terres 2014,11849,4651,0.0
Thierry Germain Saumur-Champigny Franc De Pied 2016,13515,4653,0.0
Thierry Germain Saumur-Champigny La Marginale 2016,13514,4654,0.0
Thierry Germain Saumur-Champigny Les Mémoires 2016,13516,4655,0.0
Thierry Germain Saumur-Champigny Outre Terre 2013,10814,4656,0.0
Thierry Germain Saumur-Champigny Outre Terre 2014,11847,4657,0.0
Thierry Germain Saumur-Champigny Outre Terre 2016,13517,4658,0.0
Pierre Martin Sancerre Les Monts Damnés 2018,16081,4662,0.0
Domaine Plageoles Côtes du Tarn Blanc Sec Ondenc,13736,4689,12.8
Albert Mann Crémant d'Alsace Extra Brut 2017,15465,4703,138.6
Marcel Windholtz Eau de Vie de Coing,793,4630,249.6
Domaine de Montgilet Anjou Rouge Les Yvonnais 2015,13627,4750,32.8
Domaine Muré Crémant d'Alsace Cuvée Prestige,5646,4730,0.0
Domaine Muré Crémant d'Alsace Rosé,8344,4731,396.0
Camin Larredya Jurançon Sec La Part Davant 2018,15576,4733,0.0
Camin Larredya Jurançon Moelleux Costat Darrer 2018,16138,4734,15.3
Jean-Paul Brun Beaujolais Le Ronsay 2016,14366,4739,0.0
Jean-Paul Brun Beaujolais L'Ancien 2016,13412,4740,0.0
Jean-Paul Brun Saint-Amour 2017,14632,4748,0.0
Domaine de Montgilet Anjou Blanc 2016,15315,4749,0.0
Domaine de Montgilet Coteaux de l'Aubance Les Trois Schistes 2016,14184,4752,0.0
Maurice Schoech Gewurztraminer Vendanges Tardives 2017,15729,4728,59.0
Domaine de Montgilet Coteaux de l'Aubance 2017,15429,4753,84.0
Domaine de Montgilet Vin de France Grolleau 2019,16132,4755,0.0
Domaine Saint-Nicolas Fiefs Vendéens Blanc Le Haut des Clous 2017,14680,4757,159.0
Domaine Saint-Nicolas Fiefs Vendéens Rouge Cuvée Jacques 2016,15859,4758,0.0
Domaine Saint-Nicolas Fiefs Vendéens Rouge Reflets 2018,16229,4759,0.0
Château de La Liquière Pays d'Hérault Blanc A Mi Chemin 2017,14302,4776,47.6
Clos du Mont-Olivet Lirac Rosé Farel 2019,16072,4778,0.0
Clos du Mont-Olivet Vin de France La Sabonite,14300,4779,140.4
Emile Boeckel Crémant Brut Blanc de Blancs,38,4729,326.8
Paul Ginglinger Riesling Grand Cru Pfersigberg 2018,16540,4727,52.0
Albert Mann Gewurztraminer 2017,15004,4704,54.599999999999994
Domaine Schoenheitz Muscat 2017,15361,4714,39.900000000000006
Albert Mann Gewurztraminer Grand Cru Steingrubler 2016,14699,4705,252.8
Albert Mann Muscat 2018,15349,4706,537.6
Albert Mann Pinot Gris Cuvée Albert 2017,15466,4707,296.40000000000003
Albert Mann Pinot Gris Grand Cru Furstentum 2016,14700,4708,260.8
Albert Mann Pinot Gris Vendanges Tardives Altenbourg 2011,10775,4709,0.0
Albert Mann Riesling Grand Cru Schlossberg 2018,16119,4711,55.4
Domaine Schoenheitz Crémant d'Alsace Mémoire de Granit Extra Brut,15667,4712,15.8
Domaine Schoenheitz Gewurztraminer Lisenberg 2015,14746,4713,220.79999999999998
Domaine Schoenheitz Pinot Blanc Val Saint Grégoire 2017,15196,4715,0.0
François Baur Pinot Noir Schlittweg 2017,14950,4726,50.8
Domaine Schoenheitz Pinot Gris Herrenreben 2017,15657,4716,0.0
Domaine Schoenheitz Pinot Noir Herrenreben 2017,15658,4717,140.39999999999998
Domaine Schoenheitz Pinot Noir Val Saint Grégoire 2017,15670,4718,0.0
Domaine Schoenheitz Pinot Noir Tradition 2019,16527,4719,187.5
Domaine Schoenheitz Riesling Herrenreben 2018,16513,4720,238.5
François Baur Pinot Gris Herrenweg de Turckheim 2018,15880,4722,13.7
François Baur Pinot Noir Sang Du Dragon 2017,15879,4723,87.0
François Baur Riesling Grand Cru Brand Clos De La Treille 2017,16010,4725,0.0
Marcel Windholtz Eau de Vie de Baie de Houx,791,4631,0.0
Domaine Rotier Gaillac Blanc Doux Les Gravels 2016,15280,4676,0.0
Marcel Windholtz Eau de Vie de Fraise,2534,4629,104.8
Wemyss Malts Blended Scotch Whisky Lord Elcho,11587,4395,0.0
Wemyss Malts Blended Malt Scotch Whisky The Hive Batch Strength,12639,4397,0.0
Wemyss Malts Blended Malt Scotch Whisky Peat Chimney Batch Strength,12641,4398,0.0
Wemyss Malts Blended Malt Scotch Whisky Spice King Batch Strength,12640,4399,59.0
Cognac Frapin 1270,14768,4400,0.0
Cognac Frapin VSOP,3506,4401,62.5
Cognac Frapin VIP XO,3510,4402,2288.0
Cognac Frapin Château de Fontpinot XO,3507,4404,217.0
Cognac Frapin Château de Fontpinot XO 1/2,13230,4405,0.0
Cognac Frapin Château de Fontpinot 1989 20 Ans d'Age,7819,4406,0.0
Cognac Frapin Cigar Blend,3509,4407,104.0
Domaine de Montcalmès Terrasses du Larzac Rouge 2017,15426,4558,84.30000000000001
Domaine Giudicelli Vin de France Eté Rouge 2018,15621,4564,412.3
Domaine de Montcalmès Coteaux du Languedoc Blanc 2017,15457,4566,0.0
Château de Meursault Beaune-Grèves Les Trois Journaux 1er Cru 2015,13604,4573,0.0
Château de Meursault Puligny-Montrachet 1er Cru Champ Canet 2014,12857,4582,0.0
Marc Colin Et Fils Chassagne-Montrachet Blanc Margot 2017,15476,4596,1009.6999999999999
Wemyss Malts Blended Malt Scotch Whisky The Hive 12 ans,9636,4396,0.0
Wemyss Malts Blended Malt Scotch Whisky Treacle Chest,13766,4394,0.0
Marc Colin Et Fils Saint-Aubin Blanc En Montceau 2017,15478,4598,41.8
Marcel Windholtz Eau de Vie de Marc de Muscat,802,4628,0.0
Domaine de l'Idylle Roussette de Savoie Anne de Chypre 2018,15949,4306,10.7
Domaine de l'Idylle Savoie Mondeuse Le Tithonien 2018,15946,4307,0.0
Champagne Gosset Grand Blanc de Blancs,7818,4334,4704.0
Champagne Mailly Grand Cru Blanc de Pinot Noir,13599,4336,35.5
Champagne Mailly Grand Cru Les Echansons 2007,4679,4337,0.0
Champagne Egly-Ouriet Grand Cru Brut Tradition,12586,4348,0.0
Champagne Egly-Ouriet Grand Cru Extra Brut V.P.,12588,4350,0.0
Champagne Egly-Ouriet Grand Cru Millésimé 2008,15940,4352,1125.0
Champagne Egly-Ouriet Grand Cru Brut Rosé,12587,4353,238.5
Champagne Egly-Ouriet Grand Cru Blanc de Noirs,12589,4355,1391.5
Champagne Egly-Ouriet Premier Cru Les Vignes de Vrigny,12585,4356,619.2
Champagne Larmandier-Bernier Latitude,9562,4357,0.0
Champagne Larmandier-Bernier Grand Cru Vieilles Vignes du Levant 2008,13854,4358,0.0
Champagne Larmandier-Bernier Grand Cru Les Chemins d'Avize 2011,13853,4359,85.6
Wemyss Malts Blended Malt Scotch Whisky The Hive,11585,4364,49.5
Wemyss Malts Blended Malt Scotch Whisky Peat Chimney,11467,4391,0.0
Wemyss Malts Blended Malt Scotch Whisky Spice King,11586,4392,0.0
Marc Colin Et Fils Chassagne-Montrachet Blanc Les Vide-Bourses 1er Cru 2016,14000,4597,123.2
Wemyss Malts Blended Malt Scotch Whisky Vanilla Burst,13765,4393,0.0
Domaine Saint-Nicolas Vin de France Blanc Les Clous 2019,16230,7338,0.0
Catherine et Claude Maréchal Ladoix Rouge Les Chaillots 2017,15147,4603,31.5
Catherine et Claude Maréchal Savigny-Lès-Beaune Rouge 2016,15148,4605,0.0
Catherine et Claude Maréchal Volnay 2017,15149,4606,50.1
François Bergeret Hautes Côtes de Beaune Vieilles Vignes Rondo 2017,15146,4607,0.0
François Bergeret Hautes Côtes de Beaune Rouge 2017,15145,4609,0.0
François Bergeret Hautes Côtes de Beaune Blanc 2018,15801,4610,0.0
Gilbert Picq Chablis Vieilles Vignes 2017,15038,4612,206.0
Gilbert Picq Chablis 2017,15030,4613,152.1
Gilbert Picq Chablis En Vaudécorse 2017,15875,4614,209.0
Alphonse Mellot Sancerre Blanc La Moussière 2018,16186,4615,168.0
Alphonse Mellot Sancerre Rouge La Demoiselle 2015,14371,4616,0.0
Alphonse Mellot Sancerre Rouge Génération XIX 2011,10459,4617,0.0
Alphonse Mellot Sancerre Rouge La Moussière 2014,14372,4618,0.0
Marcel Windholtz Eau de Vie de Prunelle Sauvage,807,4626,0.0
Alphonse Mellot Sancerre Rouge En Grands Champs 2012,11049,4619,0.0
Marcel Windholtz Eau de Vie de Sureau,812,4625,0.0
Bernard Baudry Chinon Rouge Les Grézeaux 2017,15849,4621,148.5
Bernard Baudry Chinon Rouge Les Granges 2018,15850,4620,71.4
Catherine et Claude Maréchal Pommard La Chanière 2016,15660,4604,49.0
Gilbert Picq Chablis Vosgros 1er Cru 2017,15452,4611,393.0
Marcel Windholtz Eau de Vie de Poire Williams Réserve Particulière,805,4627,233.2
Catherine et Claude Maréchal Bourgogne Aligoté 2018,16151,4601,64.4
Marc Colin Et Fils Chassagne-Montrachet Rouge Vieilles Vignes 2017,15475,4600,0.0
Catherine et Claude Maréchal Chorey-Lès-Beaune 2017,15659,4602,220.5
